2023 Space Needle,,,,,,
2023-10-2,,,,,,
,,,,,,
150, # 14 people under bonus cutoff (6:00) , no bonus ,,,,
,Wai Ching Soh,,M18-29,3:34.6,214.6,
,Ryoji Watanabe,,Male-Elite,3:53.4,233.4,
,Tristan Roth,,Male-Elite,4:37.9,277.9,
,Edward Strickler,,Male-Elite,4:53.2,293.2,
,Mark Ewell,,Male-Elite,5:07.0,307,
,Mathew Wither,,Male-Elite,5:20.6,320.6,
,Paul Yetter,,Male-Elite,5:22.4,322.4,
,ROBERTO VELAZQUEZ LEYVA,,Male-Elite,5:24.8,324.8,
,Dan Hartman,,Male-Elite,5:31.3,331.3,
,Mark Henderson,,Male-Elite,5:33.2,333.2,
,Austin Shelton,,Male-Elite,5:43.2,343.2,
,Jessica Pickett,,Female-Elite,5:45.2,345.2,
,Rick Wade,,Male-Elite,5:46.1,346.1,
,Andre Ellison,,Male-Elite,5:54.5,354.5,
,Josh Jackett,,Male-Elite,6:01.2,361.2,
,Phil Chan,,M30-39,6:01.8,361.8,
,Gregory Kroleski,,M30-39,6:06.5,366.5,
,Shane Gianelli,,M30-39,6:09.6,369.6,
,Kyle Rolfe,,M40-49,6:15.6,375.6,
,Lauren Rock,,Female-Elite,6:17.7,377.7,
,Sage LaTorra 2,,M30-39,6:17.8,377.8,
,Scott Howe,,Male-Elite,6:19.9,379.9,
,ARTURO VELAZQUEZ LEYVA,,Male-Elite,6:20.7,380.7,
,Tricia O'Hara,,Female-Elite,6:20.8,380.8,
,John Hadidian-Baugher 2,,M40-49,6:21.1,381.1,
,Cary Kopczynski,,Male-Elite,6:32.2,392.2,
,Franco Garibaldi,,M30-39,6:36.0,396,
,Jonathon Tucker,,M30-39,6:36.6,396.6,
,Christopher Lueth,,M40-49,6:39.2,399.2,
,Erik Hillesheim,,M18-29,6:41.4,401.4,
,Bertrand Hauss,,M40-49,6:42.0,402,
,Sean Boyd,,M40-49,6:42.2,402.2,
,ARTURO VELAZQUEZ LEYVA 2,,M40-49,6:42.2,402.2,
,Debbie Officer,,Female-Elite,6:43.3,403.3,
,Tareq Fayyad,,NB30-39,6:45.0,405,
,Tim Sorensen,,M18-29,6:46.1,406.1,
,Austin Sears,,M18-29,6:46.7,406.7,
,Cal Lee,,M30-39,6:47.1,407.1,
,Jesse Proudman 2,,M30-39,6:47.8,407.8,
,David Hanley,,Male-Elite,6:49.1,409.1,
,Stephen Smith,,M30-39,6:49.8,409.8,
,Erin Reiff,,F30-39,6:53.8,413.8,
,Joel Maher,,M40-49,6:54.8,414.8,
,William Phillips-Nichols,,M18-29,6:55.1,415.1,
,Jamie MacArthur,,F30-39,6:56.7,416.7,
,David Ginger,,M40-49,6:57.1,417.1,
,Zion Steiner,,Male-Elite,6:57.2,417.2,
,Ryan Holmes,,M18-29,6:58.1,418.1,
,Steve Bragalone,,M40-49,6:58.7,418.7,
,Cody Severson 2,,M18-29,7:01.5,421.5,
,Richard Rice,,Male-Elite,7:01.5,421.5,
,Dan Hartman 2,,M60-69,7:05.6,425.6,
,Ryan Fear,,M30-39,7:05.7,425.7,
,Alexander Greene,,M30-39,7:06.5,426.5,
,Connor Haller,,M18-29,7:07.0,427,
,Edelmar Navaluna,,M30-39,7:07.5,427.5,
,John Anderson,,NB30-39,7:12.9,432.9,
,Oliver Williams,,M30-39,7:13.0,433,
,Madison Miles,,Female-Elite,7:13.3,433.3,
,John Anderson 2,,M30-39,7:15.0,435,
,Tawnya Smith,,Female-Elite,7:15.2,435.2,
,Tim Nguyen,,M30-39,7:15.6,435.6,
,Gary Sterling,,M40-49,7:18.3,438.3,
,Joshua Tufts,,M40-49,7:22.1,442.1,
,Ilari Shafer,,M30-39,7:22.8,442.8,
,Kevin Bray,,M40-49,7:23.7,443.7,
,Debbie Officer 3,,F50-59,7:24.9,444.9,
,James Feher,,M30-39,7:25.7,445.7,
,Ryan Hague,,M40-49,7:26.5,446.5,
,Peter Pasterczyk,,M50-59,7:26.8,446.8,
,David Read,,M60-69,7:27.2,447.2,
,Kathryn Elwell,,F50-59,7:31.2,451.2,
,Amanda Cooper,,F30-39,7:31.7,451.7,
,Paul Lampe,,M60-69,7:32.2,452.2,
,Christopher Duffy,,M18-29,7:34.4,454.4,
,Brenden Sosnader,,M18-29,7:36.9,456.9,
,Joel Kulesa,,M40-49,7:37.6,457.6,
,Megan Dreveskracht,,F30-39,7:37.7,457.7,
,George Soltes,,M60-69,7:38.6,458.6,
,Scott Remily,,M30-39,7:43.8,463.8,
,Carlos Arellanes 2,,M60-69,7:44.0,464,
,Kevin Artista,,M40-49,7:46.1,466.1,
,Kelly Pulkrabek,,Female-Elite,7:46.6,466.6,
,Carlos Arellanes,,M60-69,7:47.5,467.5,
,Anne LoVerso,,F18-29,7:49.7,469.7,
,Rebecca Darrow,,F18-29,7:51.5,471.5,
,Erin Friesen 2,,Female-Elite,7:51.5,471.5,
,Matthew Byington,,M30-39,7:53.6,473.6,
,John Walker,,Male-Elite,7:54.0,474,
,Anne Leache,,F40-49,7:55.8,475.8,
,Lillian Williams,,F18-29,7:55.8,475.8,
,Christopher Befumo,,Male-Elite,7:57.6,477.6,
,Florian Hladik 2,,M60-69,7:57.7,477.7,
,Derek O'Sullivan,,M50-59,7:57.8,477.8,
,Ken Stanek,,Male-Elite,7:58.5,478.5,
,Charles Celerier,,M30-39,7:58.8,478.8,
,Birgit Saalfeld,,F40-49,7:58.9,478.9,
,Scott Peterson,,M60-69,7:59.4,479.4,
,Patrick Jakubowski,,M30-39,7:59.6,479.6,
,John Stimberis,,M50-59,8:01.0,481,
,Jessica Ha,,Female-Elite,8:02.1,482.1,
,Jasmine Lau,,F18-29,8:02.8,482.8,
,Feliciano Acuna Banaga,,M40-49,8:03.5,483.5,
,Heidi Breeze-Harris,,F50-59,8:04.5,484.5,
,Steve Young,,M40-49,8:04.7,484.7,
,Brenden Seelbinder,,M18-29,8:05.4,485.4,
,Tara Ford,,F40-49,8:10.0,490,
,AARON PAMBIANCO,,M50-59,8:11.1,491.1,
,Anne Maercklein,,F30-39,8:11.2,491.2,
,Derek Van Alen,,M60-69,8:11.3,491.3,
,Jeff Woerner,,M50-59,8:12.4,492.4,
,John Hirsh,,M30-39,8:13.1,493.1,
,Joe Yazzolino,,M40-49,8:14.2,494.2,
,Connor Olson,,M18-29,8:15.1,495.1,
,John Paul Primeau,,M30-39,8:16.4,496.4,
,Troy Mason,,M50-59,8:16.8,496.8,
,Jeremy Vercillo,,M30-39,8:17.1,497.1,
,David Ferris,,M50-59,8:17.8,497.8,
,Marcie McHale,,F60-69,8:18.5,498.5,
,William Haber,,M30-39,8:18.8,498.8,
,Marissa Valdivia Reagle,,F18-29,8:19.2,499.2,
,Ollivier Hyrien,,M50-59,8:19.5,499.5,
,Ilana Balint,,F40-49,8:20.0,500,
,Benjin Dubishar,,M30-39,8:20.3,500.3,
,Ben Hanisko,,M50-59,8:21.2,501.2,
,Peter Clark,,M60-69,8:22.0,502,
,Eric Myer,,M40-49,8:22.2,502.2,
,Kathryn Elwell 2,,F50-59,8:22.7,502.7,
,Jubal Fresh,,Male-Elite,8:23.6,503.6,
,Luke Osborne,,Male-Elite,8:24.4,504.4,
,Michael Shaw,,M40-49,8:24.8,504.8,
,Sunny Katkuri,,M30-39,8:24.9,504.9,
,Tansy Merrill,,F30-39,8:26.7,506.7,
,Justin Cherveny,,M30-39,8:27.1,507.1,
,Dave DeBolt,,Male-Elite,8:29.2,509.2,
,Hemanthvarma Bhupatiraju,,M18-29,8:29.3,509.3,
,Alex Jensen,,M40-49,8:29.8,509.8,
,David Paige,,M60-69,8:29.9,509.9,
,Yousif Malik,,M40-49,8:30.6,510.6,
,Ted Levin,,M30-39,8:30.6,510.6,
,Chase Cross,,M30-39,8:31.0,511,
,Davis Little,,NB30-39,8:31.9,511.9,
,Erik Johnson,,M50-59,8:33.0,513,
,Dustin Strop,,M30-39,8:33.1,513.1,
,Barbara Maxwell,,F50-59,8:34.9,514.9,
,Benjamin Moore,,M18-29,8:35.4,515.4,
,Brendon Mittelbach,,M18-29,8:35.6,515.6,
,William Canestaro,,M30-39,8:36.6,516.6,
,James Merrill,,M40-49,8:36.8,516.8,
,Riley Schroeder,,M18-29,8:37.0,517,
,Chase Cason,,M18-29,8:37.1,517.1,
,Alison Seelbinder,,F50-59,8:37.2,517.2,
,Emily Sprague,,F18-29,8:37.3,517.3,
,Tracy Fulton,,F40-49,8:38.2,518.2,
,Martin Qian,,M30-39,8:39.4,519.4,
,Peter Francis,,M70-79,8:39.4,519.4,
,Vijay Paruchuru,,M40-49,8:40.5,520.5,
,Luke Allgeyer,,M30-39,8:41.5,521.5,
,Rai Nelson,,F40-49,8:41.5,521.5,
,Rai Nelson 2,,F40-49,8:41.7,521.7,
,Mary Seraly,,F50-59,8:43.0,523,
,Jill Marlow,,F40-49,8:43.4,523.4,
,Richard Richardson,,Male-Elite,8:43.4,523.4,
,Dahm Choi,,M40-49,8:43.8,523.8,
,Hannah Bauer,,F30-39,8:44.5,524.5,
,Nick Holton,,M30-39,8:44.8,524.8,
,Laveita Harris,,F60-69,8:45.2,525.2,
,shiva bodhireddy,,M30-39,8:46.2,526.2,
,Paul Bergner,,M40-49,8:46.7,526.7,
,Kerrie Hecko,,F50-59,8:47.2,527.2,
,Alec Haahr,,M30-39,8:47.6,527.6,
,Ray Wong,,M40-49,8:48.4,528.4,
,Mark Bjerkestrand,,M50-59,8:48.5,528.5,
,Kathleen Benner,,F50-59,8:48.5,528.5,
,Keith Williams,,M50-59,8:49.3,529.3,
,David De La Flor,,M18-29,8:49.3,529.3,
,Tina O'Sullivan,,F50-59,8:50.9,530.9,
,TJ Zamora,,M30-39,8:51.0,531,
,Sean Owens,,M30-39,8:51.5,531.5,
,Adam Leache,,M40-49,8:53.5,533.5,
,Jordan Branch,,F18-29,8:54.8,534.8,
,Rian Johnson,,M40-49,8:55.5,535.5,
,Brett Harris,,M30-39,8:55.9,535.9,
,Monica Liu,,F18-29,8:56.3,536.3,
,Kelsey McClain,,F30-39,8:57.3,537.3,
,Tam Nguyen,,F40-49,8:58.0,538,
,Colleen Wrolstad,,F50-59,9:00.9,540.9,
,Christopher Clark,,M30-39,9:01.0,541,
,Allison Holmes,,F18-29,9:02.1,542.1,
,Jeff Liles,,Male-Elite,9:02.2,542.2,
,APOSTOLOS VLACHOS,,M40-49,9:02.6,542.6,
,Farooq Ahmad,,M40-49,9:02.8,542.8,
,Ashwin Krishnamoorthy,,M30-39,9:03.0,543,
,James McReynolds,,M40-49,9:03.0,543,
,Patrick McCauley 2,,M30-39,9:04.1,544.1,
,Kelly Leask,,F50-59,9:05.0,545,
,Khushbu Vyas,,F30-39,9:05.1,545.1,
,Daniel Porter,,M30-39,9:07.2,547.2,
,Heather Miller,,F50-59,9:08.9,548.9,
,Stan Ma,,M50-59,9:09.5,549.5,
,Ken Stanek 2,,M50-59,9:09.6,549.6,
,David Montanaro,,M60-69,9:09.6,549.6,
,Jessica Pan,,F18-29,9:09.6,549.6,
,Andrew Belousek,,NB40-49,9:09.9,549.9,
,Damon Pistulka,,M50-59,9:10.9,550.9,
,Rahim Kapadia,,M30-39,9:11.8,551.8,
,Sheri Sherrell,,F50-59,9:13.3,553.3,
,Isabel Pineda,,F40-49,9:13.6,553.6,
,Stephan Bourgond,,M30-39,9:13.9,553.9,
,Chris Longhurst,,M40-49,9:14.5,554.5,
,Jay Jenei,,M18-29,9:14.7,554.7,
,Rick Porter,,M70-79,9:15.4,555.4,
,Catherine Humbert,,F40-49,9:15.5,555.5,
,Rai Nelson 3,,F40-49,9:16.3,556.3,
,Alexander Keith,,M30-39,9:16.7,556.7,
,Carol Coram,,F70-79,9:17.1,557.1,
,Vincent Blot,,M40-49,9:17.5,557.5,
,Santhosh Kumar Ravindran,,M30-39,9:19.6,559.6,
,Gregory Oliden,,M40-49,9:20.7,560.7,
,Richard Russo,,M40-49,9:21.0,561,
,Nathan Narevsky,,M30-39,9:21.2,561.2,
,Alexander Gorinsky,,M40-49,9:23.1,563.1,
,Madeline McHale,,F18-29,9:23.1,563.1,
,Paul Lichon,,M60-69,9:23.3,563.3,
,Madeleine Fontillas Ronk,,Female-Elite,9:23.3,563.3,
,Ben Robinson,,M40-49,9:23.5,563.5,
,Anne Good,,F50-59,9:23.9,563.9,
,Janice Andrews,,F60-69,9:24.0,564,
,Sharon Olson,,F30-39,9:24.2,564.2,
,Sheryl Wilkins,,F60-69,9:24.3,564.3,
,Mona Engle,,F60-69,9:24.6,564.6,
,Parker Williams,,M18-29,9:25.6,565.6,
,Alison Parker,,F18-29,9:25.9,565.9,
,Jazmin Leader,,F30-39,9:26.4,566.4,
,Suzanne Brundage,,F30-39,9:26.6,566.6,
,Nabil Sadi,,M30-39,9:26.6,566.6,
,Johnna Raby,,F18-29,9:26.8,566.8,
,Steven Saunders,,M40-49,9:26.8,566.8,
,MARIA A OLSON,,F50-59,9:27.4,567.4,
,Carlos Ramirez,,M18-29,9:28.6,568.6,
,Sreya Sevugan,,F18-29,9:29.2,569.2,
,Michael Henderson,,M40-49,9:29.9,569.9,
,Linda Yen,,F30-39,9:30.0,570,
,Justin Calkins,,M30-39,9:30.6,570.6,
,Arika Matoba,,F18-29,9:31.2,571.2,
,Phil Lepanto,,M50-59,9:31.5,571.5,
,Nate Pearson,,M50-59,9:31.5,571.5,
,Kacey Figgat,,M30-39,9:32.1,572.1,
,Jesse Proudman,,M30-39,9:33.0,573,
,Tess Hansen,,F18-29,9:34.1,574.1,
,Brittany Marcelo,,F30-39,9:34.6,574.6,
,Joselyne Rivera,,F30-39,9:35.1,575.1,
,Lindsay White,,F18-29,9:35.5,575.5,
,Andy Hill,,M50-59,9:35.7,575.7,
,Jennifer Little,,F60-69,9:35.9,575.9,
,Matt Sanford,,M40-49,9:36.3,576.3,
,Brian Osborn,,M50-59,9:36.4,576.4,
,Jocelyn Waite,,F50-59,9:36.6,576.6,
,Anne LaFave,,Female-Elite,9:36.8,576.8,
,Erin Friesen 3,,F40-49,9:36.9,576.9,
,Holly Brauchli,,F30-39,9:40.0,580,
,Cortney Albrecht,,F40-49,9:40.5,580.5,
,Brandon Shoopman,,M30-39,9:40.7,580.7,
,Chunyuan Chao,,M50-59,9:41.0,581,
,Anita Khandelwal,,F40-49,9:41.3,581.3,
,AMY KHAN,,F50-59,9:41.6,581.6,
,Erin Friesen,,F40-49,9:41.9,581.9,
,Darcy Cain,,F30-39,9:42.0,582,
,Whitney Sheehan,,F30-39,9:42.2,582.2,
,Sung Rinzler,,F60-69,9:42.2,582.2,
,Mikael Pridon,,M18-29,9:42.2,582.2,
,Rob Fulwell,,M50-59,9:42.7,582.7,
,Gary Chimes,,M50-59,9:42.7,582.7,
,Chelsa VanGrunsven,,F30-39,9:44.0,584,
,Erin Friesen 4,,F40-49,9:44.2,584.2,
,Marissa Marcelo,,F30-39,9:44.2,584.2,
,Brianna Snyder,,F30-39,9:44.3,584.3,
,Christopher Stearn,,M50-59,9:44.4,584.4,
,Libby Kroner,,F40-49,9:44.7,584.7,
,James Snyder,,M40-49,9:45.7,585.7,
,Steven Cadwallader,,M60-69,9:46.5,586.5,
,Alisa Bagirova,,F30-39,9:46.5,586.5,
,James Krajnak 2,,M50-59,9:46.9,586.9,
,Vijay Paruchuru 4,,M40-49,9:47.2,587.2,
,Julie Meyer,,F50-59,9:47.3,587.3,
,Kathy Frostad Schroeder,,F50-59,9:47.6,587.6,
,Daniel Mog,,M40-49,9:47.7,587.7,
,Matthew Schreiber,,M50-59,9:47.9,587.9,
,Alex Domine,,M30-39,9:48.6,588.6,
,Anita Polt,,F50-59,9:49.0,589,
,Charles Williams,,M30-39,9:49.4,589.4,
,Vijay Paruchuru 5,,M40-49,9:49.4,589.4,
,Ben Coleman,,M30-39,9:50.1,590.1,
,Ruben Castilleja,,M40-49,9:50.2,590.2,
,Dan Baxter,,M50-59,9:50.2,590.2,
,Vijay Paruchuru 3,,M40-49,9:50.9,590.9,
,Florian Hladik 3,,M60-69,9:51.0,591,
,Mike Rowland,,M40-49,9:54.3,594.3,
,Henrietta Cottingham,,F60-69,9:54.4,594.4,
,Scott Walston,,M50-59,9:54.6,594.6,
,Alexander Klein,,M40-49,9:55.1,595.1,
,Brendyn Chao,,M18-29,9:55.2,595.2,
,Amy Holms,,F50-59,9:55.6,595.6,
,Mohit Garg,,M30-39,9:55.7,595.7,
,Michael Kitsis,,M50-59,9:55.8,595.8,
,Natosha Warnack,,NB30-39,9:55.9,595.9,
,Cindy Ishii,,F60-69,9:56.7,596.7,
,Melinda Eichner 2,,F30-39,9:57.5,597.5,
,Tyler VanGrunsven,,M30-39,9:57.7,597.7,
,Emma Mendez,,F18-29,9:58.0,598,
,Caity Connolly,,F30-39,9:58.5,598.5,
,Dennis Risser,,M30-39,9:59.0,599,
,James Forrest,,M50-59,9:59.0,599,
,Bryan Mayer,,M30-39,9:59.4,599.4,
,Asa McDonald,,M30-39,9:59.5,599.5,
,Peter Francis 2,,M70-79,9:59.6,599.6,
,Dennis Whetten,,M40-49,10:00.1,600.1,
,Vijay Paruchuru 2,,M40-49,10:00.1,600.1,
,Jesse Sandiford,,M50-59,10:00.3,600.3,
,Sarah Crowley,,F40-49,10:00.5,600.5,
,Russell Neufeld,,M50-59,10:00.6,600.6,
,Madeline Fontillas 2,,F50-59,10:02.4,602.4,
,Lily Anbarcioglu,,F18-29,10:02.5,602.5,
,Andrew Fiore-Gartland,,M40-49,10:02.7,602.7,
,Nichole Scaraglino,,F40-49,10:02.9,602.9,
,Sarah Miller,,F40-49,10:03.7,603.7,
,Dustin Ramsey,,M40-49,10:04.5,604.5,
,Colleen McDonald,,F50-59,10:04.8,604.8,
,Rai Nelson 4,,F40-49,10:05.1,605.1,
,Vanja Mrgan,,M30-39,10:05.5,605.5,
,Irene Stupka,,F50-59,10:06.9,606.9,
,Erin Friesen 5,,F40-49,10:07.3,607.3,
,Kellie MacPhee,,F30-39,10:07.6,607.6,
,Vijay Paruchuru 7,,M40-49,10:07.8,607.8,
,Andy Yun,,M30-39,10:07.8,607.8,
,Sheri Setzer 2,,F50-59,10:07.9,607.9,
,Amy Bowers,,F30-39,10:08.3,608.3,
,Steven Palmer,,M30-39,10:08.9,608.9,
,Stacy Lindbloom,,F30-39,10:09.1,609.1,
,Rachel May,,F18-29,10:09.3,609.3,
,Avery Butler,,F30-39,10:10.6,610.6,
,Quinn Kelso,,M18-29,10:10.8,610.8,
,Kevin Antoine,,M30-39,10:11.0,611,
,Cliff Redeker,,M40-49,10:11.0,611,
,Jeffrey Ricco 2,,M40-49,10:11.5,611.5,
,Kyle Freeman,,M40-49,10:12.2,612.2,
,Mark Green,,M40-49,10:13.0,613,
,Jack Harjehausen,,M18-29,10:14.3,614.3,
,Dan Hedges,,M60-69,10:14.5,614.5,
,Rory Flannery,,M18-29,10:14.5,614.5,
,Jack Meyer,,M18-29,10:14.5,614.5,
,Mark Heffernan,,M30-39,10:14.6,614.6,
,Carolina Singh,,F40-49,10:14.7,614.7,
,Sheri Setzer,,F50-59,10:15.1,615.1,
,Ashwin Venkataraman,,M18-29,10:15.9,615.9,
,Duncan Harper,,M40-49,10:16.0,616,
,Alix Strickland,,F40-49,10:16.1,616.1,
,Sheila Charles,,F50-59,10:17.5,617.5,
,Alexis Silver,,F18-29,10:18.2,618.2,
,Chris Voegele,,M40-49,10:18.7,618.7,
,Arthur Enyedy,,M60-69,10:18.9,618.9,
,Thales De Carvalho,,M50-59,10:19.0,619,
,Tim Lau,,M18-29,10:19.4,619.4,
,Jackson Ellis-Luca,,F30-39,10:19.4,619.4,
,Monica A Green,,F40-49,10:19.5,619.5,
,Patrick McCauley,,M30-39,10:19.7,619.7,
,Vijay Paruchuru 6,,M40-49,10:19.8,619.8,
,Lauren May,,F18-29,10:20.4,620.4,
,Rai Nelson 5,,F40-49,10:20.5,620.5,
,Bethany Hoy,,F18-29,10:20.6,620.6,
,Bridget Boline,,F18-29,10:21.3,621.3,
,Jaclyn Siska,,F40-49,10:22.1,622.1,
,Andy Parker,,M40-49,10:22.3,622.3,
,Ryan HOLLINGSWORTH,,M18-29,10:23.6,623.6,
,Rachael McClennen,,F50-59,10:23.7,623.7,
,Lindsay Nyquist,,F40-49,10:23.8,623.8,
,Lucian Lum,,M18-29,10:24.3,624.3,
,Sarah Howe,,F30-39,10:24.4,624.4,
,Anna Dievendorf,,F18-29,10:24.8,624.8,
,Davy Adams,,F30-39,10:24.8,624.8,
,Sridhar Poduri,,M40-49,10:25.1,625.1,
,Keith Meyer,,M18-29,10:25.2,625.2,
,Laura Matloff,,F30-39,10:26.8,626.8,
,Jason Jerome,,M40-49,10:26.8,626.8,
,Michelle Toh,,F30-39,10:27.1,627.1,
,Jennie Trapanese,,F30-39,10:27.2,627.2,
,Dave Moore,,M40-49,10:27.6,627.6,
,James Krajnak 3,,M50-59,10:27.8,627.8,
,Chris Johnson,,M40-49,10:28.0,628,
,Paula Kennedy,,F50-59,10:28.3,628.3,
,Melissa Bahr,,F40-49,10:28.4,628.4,
,Christian Vornheder,,F40-49,10:29.2,629.2,
,Yuta Yoshikawa,,M18-29,10:29.7,629.7,
,Tiffany Shen,,F30-39,10:30.3,630.3,
,Sarah Allen,,F18-29,10:31.1,631.1,
,Grant Hadlich 3,,M30-39,10:31.6,631.6,
,Irena Lewis,,F30-39,10:31.6,631.6,
,Allison Osterberg,,F40-49,10:32.0,632,
,Rick Porter 3,,M70-79,10:32.4,632.4,
,A. Land,,M40-49,10:32.8,632.8,
,Ciara Breslin,,F30-39,10:33.0,633,
,Susan McLaughlin,,F40-49,10:33.1,633.1,
,Kate Daie,,F30-39,10:33.7,633.7,
,Carolyn Wallace,,F40-49,10:33.9,633.9,
,Madeline McGrath,,M18-29,10:34.3,634.3,
,Travis Jo Cufley,,F40-49,10:35.5,635.5,
,Keith Levesque,,M30-39,10:35.6,635.6,
,Sandra Valdivia,,F50-59,10:36.1,636.1,
,Jason Landfried,,M40-49,10:36.9,636.9,
,Mohit Srivastava,,M40-49,10:37.0,637,
,Stacey Koutlas,,F40-49,10:37.0,637,
,Jordan Alaniz,,M30-39,10:37.3,637.3,
,Ariella Shuster,,F50-59,10:38.0,638,
,Lynda Johnson,,F40-49,10:38.1,638.1,
,Rick Porter 2,,M70-79,10:38.1,638.1,
,Andrew Chrusciel,,M60-69,10:38.2,638.2,
,Rebecca Valdivia,,F50-59,10:38.8,638.8,
,Eric Nyquist,,M30-39,10:38.9,638.9,
,Lori Wilken,,F40-49,10:39.1,639.1,
,Brett Miller,,M30-39,10:39.5,639.5,
,Katia Roelz,,F40-49,10:40.9,640.9,
,Michael Owens,,M30-39,10:41.1,641.1,
,Maggie Ogilvie,,F18-29,10:41.1,641.1,
,Krista Novstrup,,F40-49,10:41.3,641.3,
,Julie Iverson,,F50-59,10:41.4,641.4,
,Anne Krepick,,F40-49,10:41.8,641.8,
,Corey Lewis,,M40-49,10:42.4,642.4,
,Judy Wong,,F70-79,10:43.5,643.5,
,Saskia De Jonge,,F30-39,10:43.6,643.6,
,Michelle Bodey,,F40-49,10:44.0,644,
,Chris Baur,,M40-49,10:44.1,644.1,
,Teo Schneck,,M50-59,10:44.1,644.1,
,Charles Dominick,,M30-39,10:44.5,644.5,
,Gregory Simmons,,M60-69,10:45.4,645.4,
,stanley ng,,M40-49,10:45.6,645.6,
,Leslie Stegeman,,F30-39,10:46.0,646,
,Sage LaTorra,,M30-39,10:46.1,646.1,
,Hannah Wahl,,F18-29,10:46.2,646.2,
,Scott Proctor,,M40-49,10:46.4,646.4,
,Jennifer Hamilton,,F30-39,10:46.6,646.6,
,Clare Kealy,,F40-49,10:46.6,646.6,
,Hope Thompson,,F30-39,10:46.9,646.9,
,Alicia Sato,,F40-49,10:46.9,646.9,
,Eric Engmann,,M40-49,10:47.0,647,
,Ryan Cutshall,,M18-29,10:47.1,647.1,
,Peter Hamilton,,M40-49,10:47.4,647.4,
,EJ Griffin,,F30-39,10:47.8,647.8,
,Bernardo Caldas,,M50-59,10:48.2,648.2,
,Marc Whitten,,M50-59,10:48.3,648.3,
,Laurel Nelson,,F30-39,10:48.5,648.5,
,Casey Hanisko,,F50-59,10:48.8,648.8,
,Sara Toppin,,F40-49,10:49.6,649.6,
,Thomas Topolinski 2,,M60-69,10:50.0,650,
,Tim Heffron,,M70-79,10:50.8,650.8,
,Heather Kelly,,F40-49,10:51.1,651.1,
,Martin Wahl,,M50-59,10:51.2,651.2,
,Dave Grice,,M50-59,10:51.4,651.4,
,Joseph CUSICK,,M18-29,10:51.9,651.9,
,Doug Heimburger,,M40-49,10:52.5,652.5,
,Emily Wolpert,,F30-39,10:52.9,652.9,
,Akiko Yoshii-Johnson,,F50-59,10:53.1,653.1,
,Drew Sternesky,,M30-39,10:53.2,653.2,
,Anne Konchan,,F40-49,10:53.5,653.5,
,Dennis Eng,,M40-49,10:53.9,653.9,
,Rachel Fischer,,F40-49,10:53.9,653.9,
,David Hill,,M40-49,10:54.1,654.1,
,Jaclyn Esparza,,F30-39,10:54.2,654.2,
,Danica Sun,,F30-39,10:54.2,654.2,
,Paula Clements,,F50-59,10:54.5,654.5,
,Rick Boyle,,M60-69,10:54.7,654.7,
,Chantel Hilton,,F50-59,10:55.2,655.2,
,Jenny Lai,,F30-39,10:55.3,655.3,
,Lindsay Roper-Hetland,,F30-39,10:55.6,655.6,
,Maria Hess,,F50-59,10:55.6,655.6,
,Colleen Cameron,,F18-29,10:56.2,656.2,
,Bryan Thorn,,M50-59,10:56.4,656.4,
,David Hsiao,,M40-49,10:56.6,656.6,
,Stacey Irish,,F18-29,10:56.9,656.9,
,AMBER CLAY-BURNS,,F40-49,10:57.8,657.8,
,Jena Thornton,,F50-59,10:57.8,657.8,
,Emily Williamson,,F30-39,10:58.3,658.3,
,Kate Moran,,F18-29,10:58.3,658.3,
,Gilbert Basilio,,M50-59,10:58.4,658.4,
,Vanessa Vanderbrug,,F40-49,10:58.4,658.4,
,Grant Hadlich 4,,M30-39,10:58.5,658.5,
,Emeron Bachhuber,,M50-59,10:59.3,659.3,
,Ashley Wilson,,F30-39,10:59.9,659.9,
,Rai Nelson 9,,F40-49,11:00.1,660.1,
,Jenny Hong,,F30-39,11:00.2,660.2,
,Katia Roelz 2,,F40-49,11:00.6,660.6,
,Jennifer Anderson,,F50-59,11:00.8,660.8,
,Joseph Launceford,,M30-39,11:03.7,663.7,
,Rex Miller,,M50-59,11:04.1,664.1,
,Amy Bowers 2,,F30-39,11:04.5,664.5,
,Matthew Titelbaum,,M40-49,11:04.6,664.6,
,Kelly King French,,F40-49,11:04.6,664.6,
,Anurag Naidu,,M40-49,11:04.8,664.8,
,Ele Watts,,NB30-39,11:05.1,665.1,
,Chris Morgans,,M50-59,11:05.5,665.5,
,Jeremy Green,,M40-49,11:06.4,666.4,
,Grant Hadlich,,Male-Elite,11:06.8,666.8,
,Josh Ford,,M30-39,11:08.3,668.3,
,Victoria Kramer,,F40-49,11:08.8,668.8,
,Jessica Closson,,F50-59,11:09.1,669.1,
,Audrey Quevillon,,F30-39,11:09.2,669.2,
,Ernie Moore 3,,M60-69,11:09.4,669.4,
,Danielle Lindegarde,,F30-39,11:09.6,669.6,
,David Lewis,,M40-49,11:10.2,670.2,
,Stephan Heath 2,,M40-49,11:10.8,670.8,
,Stephan Heath 3,,M40-49,11:11.0,671,
,Hart Cole,,M30-39,11:11.2,671.2,
,Rose Peterson,,F50-59,11:11.3,671.3,
,Brynn Biddle,,F30-39,11:11.3,671.3,
,Dean Poor,,M60-69,11:11.4,671.4,
,Laura Lily Bryan-Hecht,,F50-59,11:11.5,671.5,
,Emily Menon Bender,,F40-49,11:13.0,673,
,Stephan Heath,,M40-49,11:13.2,673.2,
,Jim Strum,,M60-69,11:13.3,673.3,
,Philip Chan,,M40-49,11:13.5,673.5,
,Rai Nelson 6,,F40-49,11:13.8,673.8,
,Michael Caputo,,M30-39,11:14.8,674.8,
,John Bolig,,M50-59,11:15.0,675,
,Brianna Barnes,,F30-39,11:15.1,675.1,
,Diana Kapsner,,F30-39,11:15.7,675.7,
,Eric Anderson,,M30-39,11:15.9,675.9,
,Deborah Lichon,,F60-69,11:16.3,676.3,
,Melissa Green,,F40-49,11:16.5,676.5,
,Timothy Mattonen,,M30-39,11:16.6,676.6,
,Brett Harris 2,,M30-39,11:17.9,677.9,
,Frank Yoshida,,M40-49,11:18.0,678,
,Kristen Steinmetz,,F30-39,11:18.3,678.3,
,Janice Dorwin,,F70-79,11:18.5,678.5,
,Eric Teshima,,M60-69,11:18.5,678.5,
,Rai Nelson 8,,F40-49,11:18.9,678.9,
,Joy Vrchota,,F40-49,11:19.1,679.1,
,Reena Gulati,,F50-59,11:19.3,679.3,
,Kim Giannone,,F40-49,11:19.5,679.5,
,Kevin Gahagan,,M60-69,11:19.7,679.7,
,Rai Nelson 7,,F40-49,11:20.7,680.7,
,Ruth Christiansen,,F40-49,11:20.7,680.7,
,Jason Francis,,M50-59,11:22.2,682.2,
,TRYSH MALODY,,F30-39,11:22.3,682.3,
,Meghana Doreswamy,,F40-49,11:23.1,683.1,
,Ritu Bahl,,F40-49,11:23.9,683.9,
,Gregg McBride,,M50-59,11:24.3,684.3,
,Leann Lightfield,,F18-29,11:24.4,684.4,
,Laura Sokoloski,,F50-59,11:24.7,684.7,
,Bob Pore,,M30-39,11:25.4,685.4,
,Laura Lagerstedt,,F50-59,11:25.4,685.4,
,Erin Havens,,F50-59,11:25.9,685.9,
,Karen Ho,,F30-39,11:26.0,686,
,Carrie Ford,,F30-39,11:26.3,686.3,
,Bette Wolf,,F40-49,11:26.4,686.4,
,Maria Chistova,,F30-39,11:26.6,686.6,
,Kendall Havens,,F18-29,11:26.7,686.7,
,Mark Maszak,,M50-59,11:26.9,686.9,
,Jessica Christensen,,F40-49,11:27.1,687.1,
,Susan Lash,,F60-69,11:27.2,687.2,
,Jacquelin Peters,,F40-49,11:27.8,687.8,
,Paul Hall,,M50-59,11:28.1,688.1,
,Natalie Reeder,,F18-29,11:28.2,688.2,
,Brian Rice,,M50-59,11:28.6,688.6,
,Jennifer Torres,,F50-59,11:28.9,688.9,
,Lisa Bowie,,F40-49,11:29.1,689.1,
,Leigh Brown,,F40-49,11:29.3,689.3,
,Amanda Packer,,F30-39,11:30.2,690.2,
,Jasmina Mihova,,F40-49,11:30.3,690.3,
,Grant Hadlich 2,,M30-39,11:31.0,691,
,Lois Schunk,,F70-79,11:31.1,691.1,
,Spencer Law,,M18-29,11:31.9,691.9,
,Lyndsay Beaulieu,,F40-49,11:32.5,692.5,
,Ann Boonoom,,F50-59,11:33.5,693.5,
,William Dunbar,,M40-49,11:33.5,693.5,
,Brandon Enyeart,,M30-39,11:33.7,693.7,
,Nathan Friend,,M30-39,11:33.8,693.8,
,Lynda Hamilton,,F50-59,11:35.2,695.2,
,Phyllis Fischer,,F50-59,11:35.2,695.2,
,Dave Burnison,,M50-59,11:36.0,696,
,Aram Avanesyan,,M18-29,11:36.1,696.1,
,Sarah Ogden,,F18-29,11:36.3,696.3,
,Liza Skorupski,,F30-39,11:37.2,697.2,
,Imee Tribo,,F40-49,11:37.2,697.2,
,Stephen Dalton,,M50-59,11:38.2,698.2,
,Vivian Maritz,,F40-49,11:38.2,698.2,
,Lynn Roe,,M50-59,11:38.7,698.7,
,David Nelson,,M60-69,11:39.1,699.1,
,Nicolette Jensen,,F40-49,11:39.4,699.4,
,Malinda Eichner,,F30-39,11:39.8,699.8,
,Caitlin Boline,,F30-39,11:41.0,701,
,Christine Mathews-Dalton,,F50-59,11:41.5,701.5,
,Jacob Arnold,,M18-29,11:42.7,702.7,
,Brian Tschider,,M60-69,11:43.0,703,
,James Tedrick,,M40-49,11:43.1,703.1,
,Matthew Vickery,,M40-49,11:43.2,703.2,
,Susan Lash 2,,F60-69,11:43.4,703.4,
,Jesus Grajeda,,M40-49,11:44.0,704,
,Karen Wan,,F50-59,11:44.3,704.3,
,Jennifer Sprague,,F50-59,11:44.3,704.3,
,Gabe Brown,,M40-49,11:45.0,705,
,Jonathan Micklos,,M30-39,11:45.1,705.1,
,Pete Mentele,,M60-69,11:45.2,705.2,
,Paula Matthews,,F70-79,11:45.5,705.5,
,Victoria Rios,,NB18-29,11:46.4,706.4,
,Maureen Pickarski,,F50-59,11:48.7,708.7,
,GregRobin A Smith,,M60-69,11:50.0,710,
,Melissa Berg,,F30-39,11:50.3,710.3,
,Heather Hokamp,,F30-39,11:50.4,710.4,
,Nicole Pattamanuch,,F40-49,11:50.8,710.8,
,Chi Chan,,M30-39,11:51.1,711.1,
,Joe Mentele,,M60-69,11:51.1,711.1,
,Rob Campbell,,M40-49,11:51.5,711.5,
,Jim Davidson,,M80+,11:52.1,712.1,
,Katrina Mihalopoulos,,F40-49,11:52.5,712.5,
,Daniel Schreiber,,M50-59,11:52.6,712.6,
,Carly Mallow,,F40-49,11:54.0,714,
,Carolyn Lesser,,F40-49,11:54.4,714.4,
,Emily Weiler,,F50-59,11:54.6,714.6,
,Shiva Kumar,,M50-59,11:55.8,715.8,
,Dustin Desmond,,M40-49,11:56.6,716.6,
,Cathy Nguyen,,F30-39,11:56.8,716.8,
,Erik Swanson,,M40-49,11:57.1,717.1,
,Stacy Wilson,,F40-49,11:57.3,717.3,
,Pearl Chan,,F40-49,11:57.3,717.3,
,Alyson Canal-Burzi,,F30-39,11:57.5,717.5,
,Kim McMeekin,,F40-49,11:57.6,717.6,
,Ferdi Biscocho,,M50-59,11:57.7,717.7,
,Koyuki Fritchman,,F30-39,11:57.9,717.9,
,Mark Christensen,,M40-49,11:58.4,718.4,
,Patty Boyce,,F50-59,11:58.8,718.8,
,Neety Kohli,,F40-49,12:00.4,720.4,
,Courtney Heitter,,F30-39,12:01.3,721.3,
,Kate McCoshen,,NB18-29,12:02.3,722.3,
,Zach Wieben,,M30-39,12:02.8,722.8,
,Richard Williams,,M70-79,12:03.0,723,
,Matt Neligeorge,,M30-39,12:03.1,723.1,
,Janeth Talty,,F50-59,12:03.2,723.2,
,Winnie Tsai,,F50-59,12:03.2,723.2,
,Rai Nelson 10,,F40-49,12:03.3,723.3,
,Suriya Gunasekar,,F30-39,12:03.7,723.7,
,Chase Bronson,,M30-39,12:04.5,724.5,
,Vijay Paruchuru 8,,M40-49,12:05.3,725.3,
,Krystle Fister,,F30-39,12:05.4,725.4,
,Nate Lee,,M30-39,12:05.4,725.4,
,Annie Neligeorge,,F40-49,12:05.5,725.5,
,Natasha Eickert,,F30-39,12:06.6,726.6,
,Joe Kim,,M50-59,12:07.0,727,
,Tara Mosher,,F30-39,12:07.4,727.4,
,Andrea Talty,,F18-29,12:07.9,727.9,
,Joanna Realubit,,F30-39,12:09.2,729.2,
,Michael Burzi,,M30-39,12:09.2,729.2,
,Sandy Namgung,,F30-39,12:09.4,729.4,
,Ashley Chan,,F30-39,12:10.3,730.3,
,James Roberts,,M40-49,12:10.9,730.9,
,Vijay Paruchuru 10,,M40-49,12:11.5,731.5,
,Maria Moncrease,,F30-39,12:11.8,731.8,
,Michael Kostis,,M40-49,12:12.2,732.2,
,Juan Pablo Rodriguez Lomuscio,,M30-39,12:12.4,732.4,
,Susan Tuller,,F60-69,12:12.7,732.7,
,Debbi Luchtel,,F60-69,12:13.5,733.5,
,Ernie Moore 2,,M60-69,12:13.6,733.6,
,Jacqie Evenson,,F30-39,12:14.4,734.4,
,Rachel Hunter,,F18-29,12:14.5,734.5,
,Shannon LaRussa,,F30-39,12:14.6,734.6,
,Sandra Simmons,,F60-69,12:15.1,735.1,
,Kaye Robinson,,F50-59,12:15.2,735.2,
,Carol Gregory,,F50-59,12:15.8,735.8,
,Tacy Adair,,F40-49,12:16.0,736,
,Buckley Guderian,,M60-69,12:16.0,736,
,Maddie Freiberg,,F30-39,12:16.5,736.5,
,Norma Delgado-Dille,,F18-29,12:16.5,736.5,
,Mari Grace So,,F30-39,12:17.0,737,
,Tracy Griffin,,F60-69,12:17.0,737,
,Mark Maszak 2,,M50-59,12:17.8,737.8,
,Sean Caughlan,,M50-59,12:18.0,738,
,Monica Khaouly,,F30-39,12:18.2,738.2,
,Tom Sweetser,,M60-69,12:19.0,739,
,Buckley Guderian 2,,M60-69,12:19.6,739.6,
,Thomas Mercer,,M30-39,12:19.9,739.9,
,Vicky Dang,,F40-49,12:20.1,740.1,
,Jody Eveler,,F50-59,12:21.1,741.1,
,Douglas Brownlee,,M60-69,12:21.1,741.1,
,Catherine Spurgeon,,F60-69,12:22.6,742.6,
,Don Morin,,M50-59,12:23.5,743.5,
,Phil Hilgert,,M60-69,12:24.0,744,
,Yasuyo Sousa,,F60-69,12:24.3,744.3,
,Zerene Gurian,,F40-49,12:24.6,744.6,
,Dan Hedges 3,,M60-69,12:25.3,745.3,
,Annie Case,,F50-59,12:25.4,745.4,
,Michelle Cowan,,F40-49,12:26.0,746,
,Leslea Bowling,,F40-49,12:26.2,746.2,
,Aneal Gadgil,,M40-49,12:26.2,746.2,
,Daniela Witten,,F30-39,12:26.3,746.3,
,Henry Gregory,,M50-59,12:26.4,746.4,
,Stef Zandell,,NB40-49,12:26.8,746.8,
,Erikka Arone,,F40-49,12:28.2,748.2,
,Liz Larsen,,F50-59,12:28.5,748.5,
,Ernie Moore,,M60-69,12:29.9,749.9,
,John Grover,,M30-39,12:30.2,750.2,
,John Hubberts,,M30-39,12:31.0,751,
,Charles Barnes,,M60-69,12:31.0,751,
,John Quist,,M60-69,12:31.2,751.2,
,Luis Cano,,M18-29,12:31.5,751.5,
,Diana Barnes,,F60-69,12:31.6,751.6,
,Paul Jansma,,M30-39,12:31.7,751.7,
,PHYLLIS KNOPP,,F60-69,12:31.8,751.8,
,Sarah Rockwell,,F40-49,12:32.3,752.3,
,Emma Stoltze,,F30-39,12:32.5,752.5,
,Christopher Watson,,M30-39,12:32.6,752.6,
,Gina Dembinski,,F30-39,12:33.3,753.3,
,Mathieu Thomas,,M40-49,12:33.7,753.7,
,Colleen Molloy,,F30-39,12:33.9,753.9,
,Zoe Gadgil,,F40-49,12:33.9,753.9,
,Emily Isensee,,F30-39,12:34.1,754.1,
,James Krajnak,,M50-59,12:34.9,754.9,
,Daron Henry,,M50-59,12:35.1,755.1,
,Mary Avery,,F60-69,12:35.2,755.2,
,Staci Ottele,,F40-49,12:35.5,755.5,
,Karen Orozco,,F30-39,12:35.6,755.6,
,Julia Guderian,,F50-59,12:35.8,755.8,
,Ilia Chistov,,M18-29,12:36.4,756.4,
,Kathy Marion,,F70-79,12:36.8,756.8,
,Jack Krizizke,,M18-29,12:37.1,757.1,
,Melissa Burns,,F40-49,12:37.3,757.3,
,Steven Hull,,M40-49,12:38.5,758.5,
,Michael Kovacs,,M70-79,12:39.6,759.6,
,Jeff Johnson,,M40-49,12:40.5,760.5,
,Jackson Rose,,M18-29,12:40.5,760.5,
,Ashley Kaminski,,F30-39,12:41.3,761.3,
,Steven Payne,,M50-59,12:41.5,761.5,
,Edward Palmer,,M70-79,12:41.9,761.9,
,Amber Brokenshire,,F30-39,12:43.3,763.3,
,Elizabeth Mullen,,F60-69,12:43.8,763.8,
,Lance Pyles,,M30-39,12:44.3,764.3,
,Stephanie Cherberg,,F40-49,12:44.4,764.4,
,Christa Lee-Allender,,F50-59,12:44.5,764.5,
,Joshua O'Madadhain,,M50-59,12:44.5,764.5,
,Scott Brouillet,,M30-39,12:45.8,765.8,
,Lisa Metz,,F40-49,12:46.0,766,
,Jeff Rettig,,M50-59,12:46.0,766,
,Sharon Beattie,,F60-69,12:46.3,766.3,
,George May,,M50-59,12:46.7,766.7,
,Robin Ethridge,,F40-49,12:47.2,767.2,
,Glen Shapiro,,M40-49,12:47.7,767.7,
,Curran Duffey,,M30-39,12:47.7,767.7,
,Conner Board,,F18-29,12:48.0,768,
,Elizabeth Haak,,F40-49,12:49.0,769,
,Julia Fishler,,F40-49,12:49.4,769.4,
,Peggy Hitchcock,,F70-79,12:49.4,769.4,
,Amanda Nguyen,,F30-39,12:49.6,769.6,
,Aidan Glaze,,M18-29,12:50.2,770.2,
,Erica Ho,,F30-39,12:51.3,771.3,
,Grant Hadlich 6,,M30-39,12:51.8,771.8,
,Carrie Lemagie,,F50-59,12:52.5,772.5,
,Anita Lee,,F60-69,12:52.5,772.5,
,Anna Thomas,,F40-49,12:52.9,772.9,
,Zoe Shinno,,F60-69,12:53.3,773.3,
,Ian Steinmetz,,M40-49,12:54.8,774.8,
,Kate Puckett,,F50-59,12:56.0,776,
,Seungho Park,,M30-39,12:56.3,776.3,
,Sibel Okumus,,F40-49,12:56.6,776.6,
,Jill Jones,,F60-69,12:56.7,776.7,
,Lynn Lieu,,F18-29,12:57.0,777,
,Clement Ma,,M30-39,12:57.5,777.5,
,nana byrd,,F70-79,12:57.8,777.8,
,Gabrielle Cole,,F18-29,12:57.9,777.9,
,Vijay Paruchuru 9,,M40-49,12:58.0,778,
,Lou Allen,,M60-69,12:58.2,778.2,
,Lisa Whitney,,F60-69,12:58.4,778.4,
,Jose Salinas,,M30-39,12:58.6,778.6,
,Daniel Cusick,,M60-69,12:59.2,779.2,
,Charles Williams,,M70-79,12:59.3,779.3,
,Brad Corteza,,M30-39,12:59.6,779.6,
,Christopher Melgaard,,M30-39,12:59.8,779.8,
,Melanie San Pablo,,F18-29,12:59.9,779.9,
,Lisa Sevenski,,F40-49,13:00.2,780.2,
,Michael Lappano,,M40-49,13:00.2,780.2,
,Christi W Dudzik,,F60-69,13:00.6,780.6,
,Sara Van Natta,,F18-29,13:02.3,782.3,
,Jeffrey Ricco,,M40-49,13:02.4,782.4,
,Tricia Benson,,F40-49,13:02.5,782.5,
,Victoria Ramirez,,F18-29,13:02.7,782.7,
,Garrett Coats,,M30-39,13:03.2,783.2,
,Neil Kronlage,,M40-49,13:03.6,783.6,
,Jessica Bernstein,,F40-49,13:04.1,784.1,
,Mary Yang,,F50-59,13:04.2,784.2,
,Zachary Bridegroom,,M18-29,13:04.5,784.5,
,Rai Nelson 11,,F40-49,13:05.4,785.4,
,Michael Tsukada,,M70-79,13:05.5,785.5,
,Jacob Lambert,,M30-39,13:05.5,785.5,
,Jeffry Shirai,,M50-59,13:05.6,785.6,
,Nina Hajian,,F40-49,13:05.7,785.7,
,Julie M Johnson,,F60-69,13:06.0,786,
,Zachary Byrd,,M18-29,13:06.1,786.1,
,Jamie Shaffer,,F40-49,13:06.2,786.2,
,MAGGEE BOND,,F40-49,13:06.4,786.4,
,John Hadidian-Baugher,,M40-49,13:07.3,787.3,
,Jason Shaffer,,M40-49,13:07.8,787.8,
,Richard Poole,,M70-79,13:08.0,788,
,Scott Thomas,,M60-69,13:08.2,788.2,
,Susan Melgaard,,F60-69,13:08.2,788.2,
,Ann Grimm,,F60-69,13:08.6,788.6,
,JUAN ARLOS REYES,,M50-59,13:08.7,788.7,
,Paul Aronson,,M70-79,13:08.7,788.7,
,Hailey Farrow,,F18-29,13:09.0,789,
,Debbie Stewart,,F70-79,13:09.3,789.3,
,Payton Bridegroom,,F18-29,13:10.5,790.5,
,Sofie Hynes,,F60-69,13:11.0,791,
,Maxine Lee,,F40-49,13:11.8,791.8,
,Stacey Callaghan,,F40-49,13:12.9,792.9,
,Angela Humphreys,,F50-59,13:13.7,793.7,
,Melanie Clayton,,F30-39,13:13.8,793.8,
,Sheri Vahey,,F50-59,13:13.9,793.9,
,Marcie Decker,,F50-59,13:14.6,794.6,
,Kristi Birkeland,,F40-49,13:14.8,794.8,
,Tami Hutchison,,F50-59,13:14.8,794.8,
,Alexander Midlash,,M30-39,13:14.9,794.9,
,Troy Garrett,,M50-59,13:15.1,795.1,
,Dana Shumaker,,F70-79,13:15.2,795.2,
,Ramu Iyer,,M60-69,13:15.9,795.9,
,Andrea Jackett,,F30-39,13:16.4,796.4,
,Shanna Emanuelson,,F18-29,13:16.5,796.5,
,Allison Schneider,,F30-39,13:16.7,796.7,
,Angela Carden,,F40-49,13:17.0,797,
,Robbie Hedger,,F30-39,13:17.1,797.1,
,Lucien Brillant,,M18-29,13:18.1,798.1,
,Amrita Srivastava,,F40-49,13:18.7,798.7,
,David Vincent,,M30-39,13:18.8,798.8,
,Erika Trott,,F30-39,13:19.6,799.6,
,Edward Swanson,,M18-29,13:19.7,799.7,
,Laurie Berge,,F70-79,13:20.7,800.7,
,Kunjali Padhya,,F40-49,13:21.5,801.5,
,Elmo Acacio,,M50-59,13:22.0,802,
,Kristine Kim,,F30-39,13:22.6,802.6,
,Lisa Strum,,F60-69,13:22.7,802.7,
,Bryce Thomas,,M30-39,13:24.3,804.3,
,Lisa Aspessi,,F40-49,13:25.0,805,
,Greg Green,,M40-49,13:25.1,805.1,
,Cindi Forslund,,F70-79,13:26.0,806,
,Rachel Lloyd,,F30-39,13:26.4,806.4,
,Jessica Yu,,F30-39,13:27.3,807.3,
,Ann Gosch,,F60-69,13:27.3,807.3,
,Indira Ismailova,,F30-39,13:27.6,807.6,
,Meredith Richardi,,F30-39,13:28.3,808.3,
,Amy Sakoda,,F50-59,13:29.6,809.6,
,Briana Montgomery-Eichbaum,,F40-49,13:30.3,810.3,
,Hemantha Ponnuru,,M40-49,13:30.3,810.3,
,Howard Wright,,M70-79,13:30.4,810.4,
,Kaye Robinson 2,,F50-59,13:31.4,811.4,
,Grant Hadlich 5,,M30-39,13:31.6,811.6,
,Richard Alberty,,M30-39,13:32.1,812.1,
,Harish Thiagaraj,,M40-49,13:32.4,812.4,
,Reece Reeceannbuendia@gmail.com,,F30-39,13:33.4,813.4,
,Steven Payne 3,,M50-59,13:33.9,813.9,
,James Rose,,M50-59,13:33.9,813.9,
,Andrea Krajeski,,F40-49,13:34.2,814.2,
,Lauren Penrose,,F18-29,13:34.3,814.3,
,Nadine Cysewski,,F60-69,13:34.9,814.9,
,Erica Flores,,F30-39,13:35.3,815.3,
,Jennifer Taylor,,F30-39,13:35.5,815.5,
,Ingrid Ho,,F30-39,13:36.0,816,
,Kreable Young,,F30-39,13:36.4,816.4,
,John Emory,,M50-59,13:36.4,816.4,
,Daniel Tauber,,M50-59,13:37.1,817.1,
,Megan Massagee,,F30-39,13:37.3,817.3,
,Andrea Wood,,F18-29,13:37.4,817.4,
,Lynne Bird,,F50-59,13:37.9,817.9,
,Kara Gerhart,,F40-49,13:37.9,817.9,
,Steven Payne 2,,M50-59,13:38.6,818.6,
,Mark Maszak 3,,M50-59,13:38.9,818.9,
,Ashley Tunker,,F40-49,13:40.2,820.2,
,David Anderson,,M60-69,13:42.0,822,
,Marisha Parker,,F30-39,13:42.2,822.2,
,Eagle Jones,,M40-49,13:42.6,822.6,
,Rumneek Sangha,,F30-39,13:42.6,822.6,
,James Fiorino,,M60-69,13:43.3,823.3,
,Thomas Kensler,,M70-79,13:43.5,823.5,
,Nicole Wilker,,F50-59,13:44.4,824.4,
,Varun Pandey,,M40-49,13:45.1,825.1,
,Jenny Yoon,,F30-39,13:45.3,825.3,
,Jennifer Giannini-Upton,,F50-59,13:46.6,826.6,
,Nicole Bartlett,,F30-39,13:46.8,826.8,
,Daniel Grecian,,M60-69,13:46.8,826.8,
,Preston Haynes,,M30-39,13:47.0,827,
,THOMAS JACOBS,,M70-79,13:47.1,827.1,
,Amanda Bennett,,F40-49,13:47.1,827.1,
,carol silva,,F60-69,13:47.6,827.6,
,Lori May,,F50-59,13:47.7,827.7,
,Sarah Zika,,F40-49,13:48.1,828.1,
,Karen Chu,,F40-49,13:48.3,828.3,
,Julie Di Furia,,F60-69,13:50.3,830.3,
,TerriAnn Schiferl,,F50-59,13:50.5,830.5,
,Dan Hedges 2,,M60-69,13:50.8,830.8,
,Julia Russell,,F40-49,13:50.9,830.9,
,May Judy Lansang,,F30-39,13:50.9,830.9,
,Cassie Burgess,,F18-29,13:53.0,833,
,Helecia Adams,,F40-49,13:53.2,833.2,
,Vicki Higa,,F50-59,13:53.4,833.4,
,Karen King,,F50-59,13:54.5,834.5,
,Darivanh Vlachos,,F40-49,13:54.8,834.8,
,Jo Tureaud,,M40-49,13:56.5,836.5,
,Nancy Hoffman,,F70-79,13:57.7,837.7,
,Eric Bloom,,M50-59,13:57.7,837.7,
,Theresa Cannon,,F60-69,13:57.9,837.9,
,Ron Johnson,,M60-69,13:58.1,838.1,
,Brian Marchello,,NB40-49,13:58.8,838.8,
,Russell Metz,,M70-79,14:01.9,841.9,
,Kevin Fritz,,M30-39,14:02.1,842.1,
,Kristi Pimentel,,F40-49,14:02.2,842.2,
,Indrani Bhattacharjee,,F40-49,14:02.5,842.5,
,Ming Tsao,,M50-59,14:02.9,842.9,
,Anne Saben,,F30-39,14:03.0,843,
,Moira Brodersen,,F60-69,14:03.1,843.1,
,Delphine Chen,,F50-59,14:04.7,844.7,
,Ellie Batchison,,F40-49,14:05.1,845.1,
,Ellen Tan,,F50-59,14:05.8,845.8,
,Laila Siddiqui,,F40-49,14:07.0,847,
,Sarah King,,F30-39,14:07.1,847.1,
,Richard Parr,,M60-69,14:07.9,847.9,
,Susan Schulmeyer,,F60-69,14:07.9,847.9,
,patrick phelps,,M30-39,14:08.7,848.7,
,Sarah Milne,,F30-39,14:08.8,848.8,
,Kim Callis,,F60-69,14:08.9,848.9,
,Andrew Lientz,,M50-59,14:09.0,849,
,Arthur Yaremchuk,,M70-79,14:09.3,849.3,
,Ryan Moniz,,M30-39,14:09.7,849.7,
,Tiffani Hall,,F50-59,14:09.7,849.7,
,Josh Lauer,,M40-49,14:10.8,850.8,
,Ron House,,M50-59,14:11.1,851.1,
,Chris Zauche,,M30-39,14:11.4,851.4,
,Jaycee Chinn,,F60-69,14:11.6,851.6,
,Ronald Mursewick,,M60-69,14:12.5,852.5,
,Dezi Martial,,F18-29,14:12.8,852.8,
,Michael Gray,,M18-29,14:14.3,854.3,
,Catherine Rigor-Hammond,,F50-59,14:14.5,854.5,
,James Dobrick,,M70-79,14:14.5,854.5,
,Sophia Lauer,,F30-39,14:15.2,855.2,
,Adriane Raduenz,,F40-49,14:16.0,856,
,Tina Jenkins,,F50-59,14:16.7,856.7,
,Tiffany O'Rourke,,F30-39,14:17.0,857,
,Steve Balliet,,M30-39,14:17.5,857.5,
,Bruce Ford,,M50-59,14:18.7,858.7,
,Beth Henderson,,F40-49,14:18.9,858.9,
,Robin Ethridge 2,,F40-49,14:19.4,859.4,
,Melanie Mitsui,,F60-69,14:19.5,859.5,
,Steven Payne 4,,M50-59,14:19.5,859.5,
,April Gasaway,,F50-59,14:20.7,860.7,
,Saki Banjo,,F30-39,14:21.9,861.9,
,Laura Feola,,F50-59,14:22.3,862.3,
,Carolyn Guhman,,F70-79,14:23.4,863.4,
,Cassandra Delaune,,F50-59,14:23.8,863.8,
,Sais Singh,,M40-49,14:24.7,864.7,
,Anna Macgilvra,,F60-69,14:24.8,864.8,
,Yvonne Guthrie,,F30-39,14:25.1,865.1,
,RYUTA WATANABE,,M40-49,14:26.1,866.1,
,Amanda Canales,,F30-39,14:26.3,866.3,
,Brian Parker,,M60-69,14:26.4,866.4,
,Kari Matthews,,F30-39,14:26.8,866.8,
,Shelly Henderson,,F40-49,14:27.2,867.2,
,Geraldine Poor,,F60-69,14:27.3,867.3,
,Cecilia Venzon,,F40-49,14:27.9,867.9,
,Sandra Beaulieu,,F50-59,14:28.2,868.2,
,Christopher-James Helt,,M18-29,14:28.3,868.3,
,Cristine Batiquin,,F60-69,14:28.3,868.3,
,Bridget Wilson,,F40-49,14:28.3,868.3,
,Eva Elasigue,,NB40-49,14:28.3,868.3,
,Christine Pahel,,F18-29,14:28.4,868.4,
,Tina Sauer,,F30-39,14:29.3,869.3,
,Chloe Sliger,,F30-39,14:29.7,869.7,
,Roma Shah,,F30-39,14:30.2,870.2,
,Praveen R,,M40-49,14:30.3,870.3,
,Andre Munoz,,M30-39,14:30.6,870.6,
,Jordan Winters,,M30-39,14:31.7,871.7,
,Sherry Bailey,,F60-69,14:32.0,872,
,Toshihiro Banjo,,M30-39,14:32.1,872.1,
,Camryn Curfman,,F18-29,14:33.0,873,
,Joaly Ray,,F40-49,14:33.0,873,
,Alyssa Olton,,F30-39,14:33.5,873.5,
,Todd MacDermid,,M40-49,14:33.8,873.8,
,Ana Perez,,F18-29,14:34.7,874.7,
,Deb Irby,,F50-59,14:35.0,875,
,Nicole Salvador,,F18-29,14:35.1,875.1,
,Mark Sliger,,M60-69,14:35.6,875.6,
,Thomas Topolinski,,M60-69,14:35.7,875.7,
,Marisa Burgos,,F60-69,14:38.2,878.2,
,Jenny Miller,,F50-59,14:39.7,879.7,
,Alix Pettibone,,F30-39,14:40.3,880.3,
,Jessica Pena,,F30-39,14:41.4,881.4,
,Anne Wallace,,F40-49,14:42.0,882,
,Trevor Lovett,,M40-49,14:42.3,882.3,
,Allen Perez,,M40-49,14:44.3,884.3,
,Laura Hunter,,F40-49,14:44.6,884.6,
,Ronald Mursewick 2,,M60-69,14:46.8,886.8,
,Annmarie Fazio,,F60-69,14:48.2,888.2,
,Ferdinand Cruz,,M60-69,14:48.8,888.8,
,Kirk LaBuda,,M30-39,14:51.4,891.4,
,Heather Lakefish,,F50-59,14:51.6,891.6,
,Jennifer Woods,,F60-69,14:55.3,895.3,
,Catherine So,,F30-39,14:56.3,896.3,
,Ola Fasehun,,F50-59,14:56.6,896.6,
,Roza Bazaray,,F30-39,14:57.8,897.8,
,Julie Franzen,,F50-59,14:57.8,897.8,
,Solmaz Shotorbani,,F40-49,14:57.9,897.9,
,Anna Ivina,,F30-39,14:58.3,898.3,
,Jay Matzko,,M50-59,14:58.8,898.8,
,Neha Lohia,,F40-49,14:59.4,899.4,
,TOM KUTROSKY,,M80+,15:00.9,900.9,
,Larry Minar,,M70-79,15:02.4,902.4,
,Vince Armfield,,M60-69,15:02.8,902.8,
,Angela Modelski,,F60-69,15:04.1,904.1,
,Anna Knoblach,,NB18-29,15:05.7,905.7,
,Melissa Rettig,,F40-49,15:06.4,906.4,
,Aura Gantz,,F40-49,15:07.8,907.8,
,YUNGWEN LEE,,F50-59,15:10.4,910.4,
,Meriah Dainard,,F30-39,15:11.2,911.2,
,Mackenzie Cox,,F40-49,15:11.3,911.3,
,Daniel Harmann,,M40-49,15:11.8,911.8,
,Kristi Larson,,F60-69,15:13.7,913.7,
,Alicia Chunn,,F40-49,15:15.3,915.3,
,Jesse Ma,,M18-29,15:15.6,915.6,
,Rai Nelson 12,,F40-49,15:16.6,916.6,
,John Cruz,,M18-29,15:18.0,918,
,Marina Dzhamilova,,F40-49,15:18.7,918.7,
,Keely Warren,,F50-59,15:19.5,919.5,
,Le-Vy Nguyen Craig,,F40-49,15:19.8,919.8,
,Blake Nakatsu,,M30-39,15:20.4,920.4,
,Estelle Gray,,F60-69,15:22.4,922.4,
,Roy Kuo,,M50-59,15:23.3,923.3,
,Allison Garcia,,F40-49,15:24.0,924,
,Mark Maszak 4,,M50-59,15:24.4,924.4,
,Shari Schmeling,,F50-59,15:24.8,924.8,
,Shaheen Gandhi,,M40-49,15:24.9,924.9,
,Charles Mathews,,M40-49,15:25.0,925,
,Anthony Jones,,M30-39,15:25.7,925.7,
,Kathy Parenteau,,F50-59,15:25.8,925.8,
,Sarah Mac,,F18-29,15:26.0,926,
,Maria Tally,,F50-59,15:27.1,927.1,
,Erica Mustard,,F30-39,15:27.3,927.3,
,Suzanne Pigott,,F40-49,15:28.2,928.2,
,Juliana Arnold,,F30-39,15:28.8,928.8,
,David Thompson,,M50-59,15:29.7,929.7,
,Jacob Randall,,M18-29,15:30.4,930.4,
,Madison Moore,,F18-29,15:32.6,932.6,
,Jessica Pearson,,F40-49,15:33.1,933.1,
,Henry Wysong,,M50-59,15:33.2,933.2,
,Beth Roberts,,F50-59,15:33.3,933.3,
,Anjali Pisharody,,F30-39,15:33.5,933.5,
,Jana Hawes Robertson,,F60-69,15:34.5,934.5,
,Monica Cripe,,F40-49,15:37.1,937.1,
,Hayley Benham,,F18-29,15:37.3,937.3,
,Christopher Ho,,M60-69,15:38.6,938.6,
,Elisa Aki,,F30-39,15:38.8,938.8,
,Rebecca Proudman,,F40-49,15:39.9,939.9,
,Saurabh Mehta,,M40-49,15:42.2,942.2,
,P Dottie Brinkerhoff,,F60-69,15:43.0,943,
,Athima Chansanchai,,F50-59,15:44.0,944,
,Kelli Niro,,F40-49,15:45.0,945,
,Katarzyna Rakowska,,F30-39,15:45.3,945.3,
,Kandace Shoell,,F30-39,15:45.5,945.5,
,Sandy Men,,F30-39,15:46.4,946.4,
,Ronald Mursewick 3,,M60-69,15:48.1,948.1,
,Angelia Landers,,F30-39,15:48.3,948.3,
,Laura Szkolar-Sienkiewicz,,NB30-39,15:48.9,948.9,
,Deborah Caul,,F50-59,15:49.4,949.4,
,Robert Mueller,,M60-69,15:49.6,949.6,
,Stephal Aban,,M30-39,15:49.7,949.7,
,Stephanie Lappano,,F40-49,15:49.8,949.8,
,Harvey Bryan Hecht,,M60-69,15:50.0,950,
,Natalie Mintz,,F40-49,15:50.1,950.1,
,star marshall,,F40-49,15:50.4,950.4,
,Alisha Wilkerson,,F40-49,15:51.0,951,
,Teresa Wysong,,F50-59,15:52.4,952.4,
,Michelle Anderson,,F30-39,15:52.4,952.4,
,Anna Macgilvra 2,,F60-69,15:52.5,952.5,
,Michael Niro,,M50-59,15:52.6,952.6,
,Seth Doyle,,M40-49,15:53.9,953.9,
,Lance Pearson,,M50-59,15:54.9,954.9,
,Chris Sienkiewicz,,M30-39,15:55.7,955.7,
,Glenn Tibbetts,,M40-49,15:57.5,957.5,
,Amya Naimi,,F50-59,15:57.5,957.5,
,Jessie Scace,,F40-49,15:58.0,958,
,Corey King,,M50-59,15:59.4,959.4,
,Yosselin Martinez,,F30-39,16:00.5,960.5,
,Jose Alvarez,,M50-59,16:02.0,962,
,Arlene Cooper,,F40-49,16:02.9,962.9,
,Valeria Duran,,F18-29,16:03.1,963.1,
,Stephanie Noland,,F60-69,16:03.7,963.7,
,Amanda Mintz,,F40-49,16:04.0,964,
,Sarah Hein,,F40-49,16:04.5,964.5,
,Neeta Bala,,F30-39,16:05.0,965,
,Todd Riffey,,M50-59,16:06.1,966.1,
,Courtney Townsend,,F30-39,16:08.0,968,
,Lisa Malik,,F40-49,16:08.1,968.1,
,Jessica Krepps,,F40-49,16:08.1,968.1,
,Catherine Captain,,F50-59,16:08.8,968.8,
,Laurie Magallan,,F30-39,16:10.3,970.3,
,Kristen Brown,,F50-59,16:11.4,971.4,
,Anne Manicone,,F50-59,16:11.7,971.7,
,Paige Johnson,,F30-39,16:12.0,972,
,Theresa Strawn,,F60-69,16:13.4,973.4,
,Shruti Chidambaram,,F18-29,16:14.2,974.2,
,Holly Bonvillian,,F40-49,16:15.6,975.6,
,Reina Gutierrez,,F60-69,16:16.9,976.9,
,Bryan McAllister,,M50-59,16:19.1,979.1,
,Freyda Greenberg,,F70-79,16:21.0,981,
,Mike Wilson,,M50-59,16:22.7,982.7,
,Katlyn Edwards,,F30-39,16:23.0,983,
,Stephanie Phan,,F30-39,16:24.9,984.9,
,Mikayla Byers,,F40-49,16:25.2,985.2,
,Danielle Haight,,F40-49,16:26.2,986.2,
,Jenn Sandercock,,F40-49,16:26.9,986.9,
,Andy Cameron,,M50-59,16:27.0,987,
,Jun Greminger,,F30-39,16:27.4,987.4,
,Alie Mulder,,F50-59,16:28.1,988.1,
,Curtis Ailes,,M40-49,16:28.4,988.4,
,Yana Morgulis,,F30-39,16:28.7,988.7,
,RJ Ustaris,,M18-29,16:29.0,989,
,Richard Ring,,M70-79,16:29.1,989.1,
,Jayne Phoenix,,F18-29,16:29.9,989.9,
,Liz Murray,,F50-59,16:30.8,990.8,
,Anthony Olton,,M30-39,16:32.7,992.7,
,Casey Ailes,,F40-49,16:33.1,993.1,
,Roberto Ustaris,,M40-49,16:33.2,993.2,
,Kenneth Colling,,M70-79,16:33.9,993.9,
,Yu Ling Huang,,F30-39,16:34.2,994.2,
,Sara Horne,,F30-39,16:35.3,995.3,
,Melissa Saunders,,F50-59,16:35.4,995.4,
,Rajesh Shrestha,,M40-49,16:35.6,995.6,
,Jessica Roush,,F30-39,16:35.9,995.9,
,Cora Castor,,F50-59,16:36.4,996.4,
,Michelle Manning,,F50-59,16:36.8,996.8,
,Pat Gentino,,F60-69,16:38.2,998.2,
,Debbie Officer,,F50-59,16:38.3,998.3,
,Jerrold Effenberger,,M80+,16:40.6,1000.6,
,Sreekanth Chandrasekaran,,M60-69,16:40.8,1000.8,
,Diana Saha,,F30-39,16:42.5,1002.5,
,DUANE PEGG,,M60-69,16:43.1,1003.1,
,Elizabeth Carosso,,F50-59,16:44.5,1004.5,
,Gregory Kleiner,,M70-79,16:45.0,1005,
,Disha Rustogi,,F40-49,16:47.0,1007,
,Jennifer Kelsey,,F50-59,16:48.9,1008.9,
,Fox Mulder,,M50-59,16:51.1,1011.1,
,Stacy Klinzman,,F60-69,16:54.0,1014,
,Stella Carosso,,F60-69,16:54.2,1014.2,
,Louise Baxter,,F60-69,16:54.6,1014.6,
,Alan Bond,,NB40-49,16:54.8,1014.8,
,Mark Maszak 6,,M50-59,16:55.0,1015,
,Jennifer Jones,,F60-69,16:55.2,1015.2,
,Gayathri Sreekanth,,F30-39,16:55.5,1015.5,
,Derek Wilson,,M30-39,16:56.4,1016.4,
,vicki hadley,,F60-69,16:56.5,1016.5,
,Olivia Ribera,,F18-29,16:58.0,1018,
,Prerana Pradhanang,,F40-49,16:58.3,1018.3,
,Frances Myer,,F70-79,16:59.7,1019.7,
,Susan Lash 3,,F60-69,17:00.3,1020.3,
,Mellissa Siler,,F40-49,17:00.3,1020.3,
,Serena Sultan,,F40-49,17:00.6,1020.6,
,Akshaya Desai,,M30-39,17:02.8,1022.8,
,Jacob Sauser,,M30-39,17:04.1,1024.1,
,Matthew Jaeger,,M40-49,17:04.5,1024.5,
,Maria McDaniel,,F60-69,17:04.7,1024.7,
,Sara Pernikoff,,F18-29,17:05.8,1025.8,
,Lynn Tissell,,F60-69,17:06.0,1026,
,Sarah Norris Henricksen,,F30-39,17:06.4,1026.4,
,Carolyn Guhman,,F70-79,17:07.7,1027.7,
,Elisabeth Davies,,F18-29,17:08.5,1028.5,
,Kathryn Houck,,F50-59,17:08.6,1028.6,
,Jason Pankow,,M40-49,17:08.7,1028.7,
,Nancy Jones,,F50-59,17:09.1,1029.1,
,Chad Lenchuk,,M50-59,17:09.3,1029.3,
,Norma Ortiz Diaz,,F30-39,17:09.6,1029.6,
,Kavana Anand,,F30-39,17:11.1,1031.1,
,Joan Vennetti,,F60-69,17:11.5,1031.5,
,Marissa Anderson,,F30-39,17:11.9,1031.9,
,Elizabeth Rizzo,,F60-69,17:11.9,1031.9,
,LARRY WALKER,,M60-69,17:13.3,1033.3,
,Andrea Murmann,,F50-59,17:13.6,1033.6,
,Annique Lennon,,F40-49,17:14.0,1034,
,Brianna Walker,,F18-29,17:14.7,1034.7,
,Kevin Black,,M50-59,17:15.1,1035.1,
,Meagan FitzGerald,,F40-49,17:15.2,1035.2,
,Manda Lowney,,F50-59,17:15.3,1035.3,
,Langdon Holton,,M70-79,17:17.1,1037.1,
,Mykyta Synytskyy,,M40-49,17:18.4,1038.4,
,Mark Maszak 5,,M50-59,17:20.9,1040.9,
,Richard Vennetti,,M50-59,17:21.2,1041.2,
,Sandra Adamski,,F70-79,17:21.4,1041.4,
,Kris Dansereau,,F70-79,17:22.1,1042.1,
,Christine Frizzell,,F60-69,17:22.1,1042.1,
,Katy Radcliffe,,F50-59,17:22.7,1042.7,
,Jodi Heimgartner,,F60-69,17:23.0,1043,
,Katie Pagel,,F30-39,17:23.4,1043.4,
,Kjiersten McKinney,,F40-49,17:24.3,1044.3,
,Brenda Johnson,,F30-39,17:24.8,1044.8,
,Marinda Bick,,F50-59,17:25.1,1045.1,
,Grace La Torra,,F60-69,17:25.3,1045.3,
,Subhashri Iyer,,F50-59,17:26.2,1046.2,
,Katie Risser,,F30-39,17:26.3,1046.3,
,Johannes Peter,,M30-39,17:26.6,1046.6,
,Tisa Shrestha,,F40-49,17:27.2,1047.2,
,Ken Montry,,M50-59,17:27.4,1047.4,
,Ingrid Mitchell,,F40-49,17:30.0,1050,
,Jeannie Walters,,F40-49,17:30.5,1050.5,
,Luis Pavel Gomez Valenzuela,,M40-49,17:30.7,1050.7,
,Yang Liu,,M30-39,17:31.9,1051.9,
,Edward Lowney,,M50-59,17:32.8,1052.8,
,Monica Shoopman,,F30-39,17:33.2,1053.2,
,Vanessa Knoll,,F50-59,17:33.7,1053.7,
,Michelle Manning 2,,F50-59,17:36.2,1056.2,
,Laura Shepard,,F50-59,17:37.7,1057.7,
,Diana Karina Gastelum Meneses,,F40-49,17:37.8,1057.8,
,Arlene Reitze,,F50-59,17:38.3,1058.3,
,Eva Leticia Brito Benitez,,F60-69,17:39.2,1059.2,
,Augustine Von Pumpernickel,,M60-69,17:39.7,1059.7,
,Sue Schroeder,,F60-69,17:39.8,1059.8,
,Chris Knoll,,M40-49,17:40.4,1060.4,
,Anne Briggs,,F80+,17:40.8,1060.8,
,vicki hadley 2,,F60-69,17:40.9,1060.9,
,Jeanette Rogers,,F40-49,17:45.0,1065,
,Emily Gipple,,F30-39,17:45.0,1065,
,Deb Greene,,F70-79,17:45.8,1065.8,
,Amanda Tullio,,F40-49,17:46.7,1066.7,
,Melissa Matthews,,F50-59,17:46.8,1066.8,
,Erin Oboyle,,F30-39,17:46.9,1066.9,
,Brent Frimodig,,M40-49,17:47.9,1067.9,
,Camie Greene,,F40-49,17:47.9,1067.9,
,Mike Larsen,,M70-79,17:48.1,1068.1,
,Deborah Ramsden,,F60-69,17:48.3,1068.3,
,Joriah Acacio,,F18-29,17:49.4,1069.4,
,Terry Seidler,,M80+,17:49.6,1069.6,
,Joe Mustard,,M30-39,17:51.5,1071.5,
,Allison Kramer,,F40-49,17:51.5,1071.5,
,Celeste Keller-Frimodig,,F40-49,17:51.7,1071.7,
,Takako Wright,,F50-59,17:52.4,1072.4,
,Melissa Davis,,F40-49,17:52.4,1072.4,
,Foxy C. Johnson,,F50-59,17:53.0,1073,
,Joel Lamb,,M40-49,17:53.0,1073,
,Kelli Kobelin,,NB18-29,17:53.1,1073.1,
,Jeff Coleman,,M50-59,17:54.6,1074.6,
,Alice Tarby,,F30-39,17:54.8,1074.8,
,Sarah Wood,,F18-29,17:56.0,1076,
,Terri Matzko,,F50-59,17:57.4,1077.4,
,Shibani Konchady,,F30-39,17:59.3,1079.3,
,Huong Phu,,F30-39,18:00.2,1080.2,
,Steven Watkins,,M50-59,18:01.0,1081,
,Paige Barger,,F40-49,18:03.0,1083,
,Rachelle Brooke,,F30-39,18:04.7,1084.7,
,Mary Conrad 2,,F50-59,18:05.3,1085.3,
,Chyan Pascua,,F30-39,18:05.8,1085.8,
,Wen-hsin Hsu,,F30-39,18:07.8,1087.8,
,Amanda Rogers,,F30-39,18:07.8,1087.8,
,Di Alexander,,F40-49,18:08.1,1088.1,
,Ian Weisenbarger,,M18-29,18:08.9,1088.9,
,Stephanie Krungle,,F30-39,18:13.0,1093,
,karen Watkins,,F50-59,18:14.0,1094,
,Kenneth Taylor,,M50-59,18:16.5,1096.5,
,Roland Brown,,M60-69,18:19.1,1099.1,
,Marva Semet,,F70-79,18:19.3,1099.3,
,Sharon Olanrewaju,,F50-59,18:20.3,1100.3,
,JM Westerlund-Rice,,F60-69,18:21.1,1101.1,
,Dana Tietjen,,F30-39,18:21.1,1101.1,
,Tricia Coulter,,F50-59,18:22.6,1102.6,
,Elizabeth Rhoton,,F40-49,18:23.9,1103.9,
,Gina Escamilla,,F50-59,18:26.7,1106.7,
,Alejandra Macias,,F18-29,18:27.5,1107.5,
,Ken Holton,,M40-49,18:28.8,1108.8,
,Alain Semet,,M70-79,18:31.6,1111.6,
,Gayathri Sreekanth 1,,F30-39,18:35.1,1115.1,
,Jeffrey Wells,,M50-59,18:37.4,1117.4,
,Elizabeth Benko,,F40-49,18:38.3,1118.3,
,Nicole McKinney,,F18-29,18:39.6,1119.6,
,Mary Conrad,,F50-59,18:43.1,1123.1,
,Romero Magallan,,M30-39,18:45.4,1125.4,
,Rachel Robinson,,F18-29,18:45.5,1125.5,
,Monica Tracey,,F60-69,18:46.0,1126,
,Denise Wilson,,F60-69,18:46.8,1126.8,
,Sandi Day,,F60-69,18:50.6,1130.6,
,Samantha Oldham,,F18-29,18:50.7,1130.7,
,Zach Tang-Bodiford,,M30-39,18:51.1,1131.1,
,Paramita Mookherjee,,F40-49,18:51.4,1131.4,
,Otis Whiteside,,M60-69,18:51.6,1131.6,
,Brandylynne Kozisek,,F40-49,18:53.7,1133.7,
,Dianna Coleman,,F40-49,18:58.1,1138.1,
,Joyce Kinnersley,,F70-79,18:58.9,1138.9,
,Patricia Edwards,,F70-79,19:00.9,1140.9,
,Kris Dille,,M50-59,19:04.6,1144.6,
,Lisa Abernathy,,F40-49,19:05.0,1145,
,Stephen Garcia,,M40-49,19:06.4,1146.4,
,Donna Burger,,F60-69,19:08.1,1148.1,
,Lance Pyles 2,,M30-39,19:08.8,1148.8,
,Tristan Eddy,,F30-39,19:12.1,1152.1,
,Brian Adams,,M60-69,19:12.7,1152.7,
,Deborah Walker,,F50-59,19:21.7,1161.7,
,Nicole Rendahl,,F50-59,19:22.7,1162.7,
,CONNIE PETERSEN,,F70-79,19:26.7,1166.7,
,Rachel Horkin,,F30-39,19:28.3,1168.3,
,Edward Walters,,M50-59,19:31.1,1171.1,
,Andrea Ruiz,,F40-49,19:32.3,1172.3,
,Maria Elena Jimenez-Richards,,F60-69,19:34.1,1174.1,
,Jillian Perry,,F40-49,19:35.3,1175.3,
,Anthony Fields,,M50-59,19:35.7,1175.7,
,Andrea Harwood,,F40-49,19:36.1,1176.1,
,Susan Mueller,,F60-69,19:37.2,1177.2,
,Juan Estrada,,M30-39,19:40.9,1180.9,
,Lori Anderson,,F60-69,19:43.8,1183.8,
,Julie Christopher,,F60-69,19:44.4,1184.4,
,Cody Severson,,M18-29,19:49.3,1189.3,
,Trish Hoolahan,,F50-59,19:52.7,1192.7,
,Shauna Doyle,,F30-39,19:53.8,1193.8,
,Tyler Beam,,M40-49,19:57.4,1197.4,
,Tara Migliore,,F30-39,20:00.0,1200,
,Silviana Ciurea Ilcus,,F30-39,20:01.6,1201.6,
,Hailey Goins,,F30-39,20:03.3,1203.3,
,Kristie Serra,,F40-49,20:03.9,1203.9,
,Christi Whitten,,F50-59,20:05.4,1205.4,
,Laura Hunter 2,,F40-49,20:13.5,1213.5,
,Roberta Howell,,F40-49,20:17.7,1217.7,
,Mary Drews,,F50-59,20:18.7,1218.7,
,Michelle Sturrock,,F30-39,20:19.3,1219.3,
,Bryan Howell,,M40-49,20:19.5,1219.5,
,Mariana Cerqueira Percilio,,F30-39,20:20.9,1220.9,
,Bernadette Acacio,,F50-59,20:22.3,1222.3,
,Renee Severson,,F18-29,20:26.3,1226.3,
,Lauren Drews,,F18-29,20:28.0,1228,
,Nicole Alberty,,F30-39,20:28.4,1228.4,
,Ron Llarenas,,M50-59,20:33.4,1233.4,
,Josh Cobbley,,M50-59,20:34.9,1234.9,
,Pam Behee,,F50-59,20:36.0,1236,
,Janice Blake,,F50-59,20:38.8,1238.8,
,Ariel Tinter,,F30-39,20:40.4,1240.4,
,Blake Watson,,M30-39,20:40.9,1240.9,
,Syrinda Sharpe,,F60-69,20:44.4,1244.4,
,Karla Ogle,,F40-49,20:44.6,1244.6,
,Srishti Rawal,,F30-39,20:51.8,1251.8,
,Nicole Kupchik,,F50-59,20:53.9,1253.9,
,Mayra Perez,,F40-49,20:57.6,1257.6,
,Deborah Pyles,,F30-39,20:58.5,1258.5,
,LISA SOLTIS,,F50-59,21:00.4,1260.4,
,Gerbielyn Valentin,,F50-59,21:02.0,1262,
,Annelise DiGiacomo,,F50-59,21:02.2,1262.2,
,Neil McKay,,M60-69,21:06.8,1266.8,
,Prachi Shridhar,,F18-29,21:09.6,1269.6,
,Tammy LaPlante,,F60-69,21:11.1,1271.1,
,Mindy Westerman,,F50-59,21:11.9,1271.9,
,Jennifer Molano,,F40-49,21:13.9,1273.9,
,Greg Snead,,M50-59,21:15.6,1275.6,
,Mikayla Boykin,,F30-39,21:18.0,1278,
,Holly Olivieri,,F50-59,21:20.9,1280.9,
,Yaneth Goldenberg,,F50-59,21:27.9,1287.9,
,Kate Puckett 2,,F50-59,21:28.6,1288.6,
,Xinyi Joffre,,F30-39,21:32.9,1292.9,
,Grace La Torra 2,,F60-69,21:33.7,1293.7,
,Jaylene Berkheimer,,F30-39,21:34.9,1294.9,
,Kenneth Stanek 3,,M50-59,21:35.8,1295.8,
,Tessa Reichlin,,F50-59,21:36.5,1296.5,
,Kevin Joffre,,M30-39,21:37.2,1297.2,
,John Reagan,,M30-39,21:38.5,1298.5,
,joanne Gies,,F60-69,21:40.1,1300.1,
,MONICA CRETU,,F50-59,21:43.0,1303,
,Katherine Belousek,,F60-69,21:45.1,1305.1,
,Lynn Hilgert,,F60-69,21:45.2,1305.2,
,Ernest Belousek,,M60-69,21:45.4,1305.4,
,Emily Morauski,,F18-29,21:47.2,1307.2,
,Adrian Cisneros,,M30-39,21:47.4,1307.4,
,Dilpreet Dosanjh,,F18-29,21:48.9,1308.9,
,Marc Seabrook,,M30-39,21:54.3,1314.3,
,My Tang,,F18-29,21:58.3,1318.3,
,Teri Martinez,,F50-59,22:04.0,1324,
,Poomol Pillay,,F30-39,22:05.7,1325.7,
,Kimberly Dietz,,F50-59,22:06.2,1326.2,
,Christina Sauser,,F30-39,22:09.2,1329.2,
,Shannon Borchers,,F60-69,22:19.9,1339.9,
,Eileen Marasigan,,F40-49,22:20.5,1340.5,
,Megan Law,,F40-49,22:21.2,1341.2,
,Megan Hinaus,,F18-29,22:25.7,1345.7,
,Jocelyn Cassell,,F30-39,22:32.2,1352.2,
,Jennifer Gravely,,F50-59,22:45.0,1365,
,Karla Cowan,,F50-59,22:46.7,1366.7,
,Josie Redmond,,F40-49,22:48.2,1368.2,
,Kristi Woldstad,,F50-59,22:54.5,1374.5,
,Ana Tureaud,,F40-49,22:57.7,1377.7,
,Sarah Sterley,,F30-39,22:59.4,1379.4,
,Kathy Austen,,F50-59,23:04.5,1384.5,
,Katy Daly,,F30-39,23:05.9,1385.9,
,Michelle Jones,,F50-59,23:08.2,1388.2,
,RMichael Jones Jr,,M60-69,23:09.0,1389,
,Alison Clark,,F40-49,23:54.2,1434.2,
,Crystal Lloyd,,F40-49,24:02.6,1442.6,
,Richard Olson,,M50-59,24:04.4,1444.4,
,Tiffany Pea,,F40-49,24:10.5,1450.5,
,Marla Gritzan,,F30-39,24:14.5,1454.5,
,Stacy Flower,,NB60-69,24:19.9,1459.9,
,John Cates,,M50-59,24:43.4,1483.4,
,Alexis Rabinowitz,,F30-39,24:46.7,1486.7,
,Racquel Jordan,,F30-39,24:47.1,1487.1,
,Hem Nalini Morzaria-Luna,,F40-49,24:48.5,1488.5,
,Landen Wasserstrom,,M30-39,24:57.9,1497.9,
,Lyndsey Paul,,F40-49,25:02.4,1502.4,
,Tina Ewing,,F50-59,25:06.4,1506.4,
,Sandy McDade,,M70-79,25:09.1,1509.1,
,John Pattillo,,M70-79,25:14.6,1514.6,
,Christopher Rowden,,M18-29,25:20.3,1520.3,
,Abril Talledo,,F18-29,25:20.9,1520.9,
,Christina Wasserstrom,,F30-39,25:26.4,1526.4,
,Sally Wolfe,,F70-79,25:45.5,1545.5,
,Shallice Barrett,,F40-49,25:58.8,1558.8,
,Carrie Tatum,,F40-49,26:01.7,1561.7,
,Brenda Sevilla-Miranda,,F40-49,26:03.2,1563.2,
,Ben Jones,,M30-39,26:04.1,1564.1,
,Danielle Burlingham,,F40-49,26:11.9,1571.9,
,Judy Gaylor,,F60-69,26:18.5,1578.5,
,Deborah Miller,,F50-59,26:28.2,1588.2,
,Kaylin Cochran,,F40-49,26:32.7,1592.7,
,Jenna Grant,,F18-29,26:33.7,1593.7,
,Marissa Hutt 2,,F30-39,26:38.7,1598.7,
,Amy Taber,,F50-59,26:46.2,1606.2,
,Nicole Harding,,F40-49,26:54.7,1614.7,
,Taylor Butler,,F30-39,26:59.8,1619.8,
,Carly Meyer,,F30-39,27:00.4,1620.4,
,Cindy Clark 2,,F50-59,27:04.1,1624.1,
,Christine Steele,,F30-39,27:04.6,1624.6,
,Shannon Clemans,,F40-49,27:05.0,1625,
,Michelle Adahl,,F60-69,27:05.8,1625.8,
,Angie Magness,,F30-39,27:09.9,1629.9,
,Brendon Matsuda-Fong,,M30-39,27:10.1,1630.1,
,Kathy O'Brien,,F50-59,27:15.0,1635,
,James Tyler,,M40-49,27:16.6,1636.6,
,Oliver Kopperl,,NB18-29,27:19.4,1639.4,
,Robert Hicks,,M60-69,27:19.8,1639.8,
,Lisa Umbelino,,F40-49,27:19.9,1639.9,
,Todd Miller,,M40-49,27:23.9,1643.9,
,Deborah Tyler,,F60-69,27:28.9,1648.9,
,Casey Novak,,M40-49,27:30.5,1650.5,
,Rebecca Reed,,NB50-59,27:33.7,1653.7,
,Joyce Omoto,,F40-49,27:34.6,1654.6,
,Kathy Fleming,,F30-39,27:37.0,1657,
,Karen Sivils,,F50-59,27:39.2,1659.2,
,Connor Nair-Driscoll,,M30-39,27:42.1,1662.1,
,Aishwarya Nair-Driscolll,,NB18-29,27:46.9,1666.9,
,Jessica Symank,,F40-49,27:48.7,1668.7,
,Tejashree Datar,,F40-49,27:53.5,1673.5,
,Skylar Morgan,,F18-29,27:54.4,1674.4,
,Rachel Miller,,F30-39,28:06.9,1686.9,
,Syndi Scott,,F50-59,28:12.2,1692.2,
,nick seltzer,,M30-39,28:30.9,1710.9,
,Sammar Hafez,,F30-39,28:33.6,1713.6,
,Lisa Walsh,,F40-49,29:07.2,1747.2,
,Sean Walsh,,M50-59,29:13.0,1753,
,Bill Pfleging,,M70-79,29:24.2,1764.2,
,Minda Zetlin,,F60-69,29:34.5,1774.5,
,Marissa Hutt,,F30-39,30:16.0,1816,
,Adhya Bhargava,,F30-39,30:17.7,1817.7,
,Niveditha Ramesh,,F18-29,30:18.3,1818.3,
,Becka Silvert,,F50-59,30:20.3,1820.3,
,Susanne Evers,,F50-59,31:16.2,1876.2,
,Lupita Hendon,,F30-39,31:37.6,1897.6,
,Kate Szyperski,,F50-59,31:49.6,1909.6,
,Miranda Contreras,,F18-29,31:51.6,1911.6,
,Kelli Jaeger,,F40-49,32:37.3,1957.3,
,Paulina Corona,,F18-29,33:23.7,2003.7,
,Ruby Acenas,,F50-59,33:44.6,2024.6,
,Melanie Reynolds,,F60-69,33:49.3,2029.3,
,Lynn Prescott,,F60-69,33:53.6,2033.6,
,Ted Williamson,,M30-39,33:54.4,2034.4,
,Paul Keown,,M70-79,34:10.7,2050.7,
,Betty Heycke,,F80+,34:11.9,2051.9,
,Jack Ireton,,M50-59,34:12.0,2052,
,RICK GAYTAN,,M60-69,34:22.4,2062.4,
,Kati Davich,,F40-49,34:28.3,2068.3,
,Irma Mejia,,F30-39,34:29.7,2069.7,
,Twila Matteson,,F40-49,34:43.9,2083.9,
,Aurora Perez,,F60-69,36:46.2,2206.2,
,Kristina Taylor,,F50-59,37:11.9,2231.9,
,Alexis Perez,,M40-49,37:15.9,2235.9,
,Kathy Gero,,F70-79,37:21.8,2241.8,
,Shane Hoffmire,,M30-39,38:53.5,2333.5,
,Julie Millang,,F40-49,39:12.7,2352.7,
,Megan Moloney,,F50-59,40:18.3,2418.3,
,Shirley Carlson,,F50-59,40:21.3,2421.3,
,Linda Hill,,F70-79,40:29.7,2429.7,
,Kay Bakun,,F50-59,40:39.8,2439.8,
,Erin OMara,,F40-49,40:43.2,2443.2,
,Priscilla Miller,,F70-79,42:25.3,2545.3,
,Mary Curran,,F50-59,43:05.7,2585.7,
,Cindy Clark,,F50-59,43:07.3,2587.3,
,Candy Lamoureaux,,F18-29,46:38.3,2798.3,
,Mark Phelps,,,Male-Elite,7:33.0,453
